"time","CV_effect","C_effect","CV_se","C_se","group"
1,0.00417441317486562,-0.00243444679602975,0.00821390880496134,0.00786659966418731,"JP bilinguals"
2,0.072330365735987,-0.0184139273654032,0.0231179734154459,0.00799019307817178,"JP bilinguals"
3,0.137483383860484,-0.00519004738112747,0.0340661393700348,0.00737675965605112,"JP bilinguals"
4,0.198264158970533,-0.00530617874112474,0.04602941252119,0.0072685456273979,"JP bilinguals"
5,0.252306559473311,-0.0024730681511774,0.0571866205267346,0.00676090303753109,"JP bilinguals"
6,0.294764339285551,-0.0031512005688228,0.0667659813817649,0.00701083831468086,"JP bilinguals"
7,0.333423977467305,-0.00177521381262394,0.0744215438713133,0.00617566989337655,"JP bilinguals"
8,0.362646766141954,-0.0024688765451733,0.0808677750076759,0.00782006322905492,"JP bilinguals"
9,0.390163927836708,-0.00209867484530964,0.0860394431578841,0.00765058304987672,"JP bilinguals"
10,0.415935413653431,-0.0058292515640465,0.0908199055833032,0.00772035926834853,"JP bilinguals"
11,0.439431528762307,0.00538686755015709,0.0953396428008381,0.00895442912308785,"JP bilinguals"
12,0.457407920639575,0.0131353170349855,0.0985705059707662,0.0110640381605759,"JP bilinguals"
13,0.478098862968258,0.0243725146303237,0.102023663302447,0.0118423481635022,"JP bilinguals"
14,0.492093147252282,0.0359920168636614,0.104174501678717,0.0128689267701411,"JP bilinguals"
15,0.501989133334154,0.0472274895722537,0.106795053726128,0.0141065794934706,"JP bilinguals"
16,0.510190744368757,0.0542214637068547,0.108402086767575,0.015626189601759,"JP bilinguals"
17,0.519545345358517,0.0581166632751289,0.110460293164383,0.0160747577609573,"JP bilinguals"
18,0.525950872576609,0.0583329362477717,0.112163972740198,0.0172574991402746,"JP bilinguals"
19,0.533163730421966,0.0573994709455719,0.112909248897925,0.0177036603109283,"JP bilinguals"
20,0.541181936883856,0.0602571237630698,0.114179457171107,0.0184482354100855,"JP bilinguals"
21,0.548176209032253,0.0671648477984618,0.115489843446022,0.020538067150762,"JP bilinguals"
22,0.552551616078266,0.0752390811966549,0.115853952468853,0.0219921388227846,"JP bilinguals"
23,0.553093124036326,0.0843142725292407,0.11642536404609,0.0237998583470125,"JP bilinguals"
24,0.556168985706539,0.0930121072797741,0.117777002671893,0.025749635013191,"JP bilinguals"
25,0.55599631019173,0.101104203812214,0.117765575376848,0.0267511060226423,"JP bilinguals"
26,0.551139109657559,0.105509827249825,0.117966895692472,0.0279419321935352,"JP bilinguals"
27,0.551137909206209,0.113743868590981,0.118073422078765,0.0283081031131196,"JP bilinguals"
28,0.553747362947269,0.118683595944482,0.119561567383931,0.0293270055393045,"JP bilinguals"
29,0.552416718246537,0.119971479765789,0.120224316806503,0.0294869822314988,"JP bilinguals"
30,0.559252603773466,0.121711837884944,0.119773333762532,0.0304174752455851,"JP bilinguals"
31,0.567373435251285,0.126700916557248,0.120158369008275,0.0313738749432768,"JP bilinguals"
32,0.57131567634121,0.125740677198988,0.119259028571511,0.0324117850600538,"JP bilinguals"
33,0.571005721009043,0.128438996019326,0.120027772547948,0.0323318011449394,"JP bilinguals"
34,0.572910615617197,0.134355758874427,0.119859087361267,0.0339222554938114,"JP bilinguals"
35,0.571224826053355,0.139977058595774,0.119994940809199,0.0340044125232991,"JP bilinguals"
36,0.568155571060794,0.139923359527275,0.119897465257817,0.0337376062131379,"JP bilinguals"
37,0.567456238891939,0.142831486573905,0.120119194931483,0.0340939632957747,"JP bilinguals"
38,0.568466369703507,0.142980039425112,0.120766804608766,0.0351160301466325,"JP bilinguals"
39,0.56614759794113,0.141699068594037,0.120604220064716,0.0349604056319256,"JP bilinguals"
40,0.568249262237011,0.13711682731947,0.12066295588178,0.0353265805587378,"JP bilinguals"
41,0.569281985367644,0.140425503974227,0.120782679222222,0.0365653298190255,"JP bilinguals"
42,0.568314272679989,0.143177963679125,0.120777457055277,0.0368119329773319,"JP bilinguals"
43,0.571020016212555,0.147017256119378,0.120610882283368,0.0364315524497817,"JP bilinguals"
44,0.577862646176927,0.147834878828334,0.120850873116327,0.037162514790068,"JP bilinguals"
45,0.575894936180018,0.150541444918109,0.120998320716946,0.0374097190173436,"JP bilinguals"
46,0.578288339400887,0.149066845283505,0.120542354816954,0.0370033127366289,"JP bilinguals"
47,0.581930815120558,0.147621419562808,0.120659100222816,0.0374278812522649,"JP bilinguals"
48,0.580543829339837,0.147759747959527,0.120338898143678,0.0372822937452932,"JP bilinguals"
49,0.578010952555256,0.152750564453877,0.120700110160333,0.0385533774665474,"JP bilinguals"
50,0.576040838459767,0.15435129990511,0.120679305551601,0.0388342497981285,"JP bilinguals"
51,0.570320272068659,0.15182951153934,0.120451432368567,0.039158662250955,"JP bilinguals"
52,0.56522446867992,0.155995471635595,0.120746592346601,0.0392604567368956,"JP bilinguals"
53,0.565778030494475,0.157725900948271,0.120306992182371,0.0390506786405951,"JP bilinguals"
54,0.56787859129966,0.155937371462077,0.120483775353823,0.0389343312705101,"JP bilinguals"
55,0.569417717073907,0.156186611350017,0.120589077695812,0.038541074262423,"JP bilinguals"
56,0.570782664441667,0.162048317853402,0.121007510750212,0.0390840687660461,"JP bilinguals"
57,0.573666794072557,0.16105836493133,0.121923223696995,0.0395606776621628,"JP bilinguals"
58,0.57537742678964,0.161945980636063,0.121709398273013,0.0397084449820651,"JP bilinguals"
59,0.569207726050617,0.166771663786625,0.122397975082734,0.0400120167629244,"JP bilinguals"
60,0.566901499899447,0.167838468366124,0.122657919251568,0.0396356918636085,"JP bilinguals"
61,0.564634927346427,0.169612050229715,0.1215539776016,0.0402100540897397,"JP bilinguals"
62,0.561644487404572,0.172632547331376,0.121333520993997,0.0408373537988869,"JP bilinguals"
63,0.558481770204836,0.1699292258554,0.12065014790754,0.0405778967423292,"JP bilinguals"
64,0.560495317438487,0.167227793632759,0.120588925470474,0.0407410941345801,"JP bilinguals"
65,0.565430864734231,0.165886464969562,0.120707588834541,0.0411235863834123,"JP bilinguals"
66,0.571096521502414,0.166364224396763,0.120745540541727,0.0409451513444078,"JP bilinguals"
67,0.574186028006144,0.162879269338984,0.120425649016277,0.0398810599827353,"JP bilinguals"
68,0.574831438239098,0.163280120443717,0.120749252343994,0.0400668959503928,"JP bilinguals"
69,0.575338137256933,0.162596784672867,0.121107336845606,0.0401912057800578,"JP bilinguals"
70,0.573615995617468,0.167443610653859,0.120423246582598,0.040779192501901,"JP bilinguals"
71,0.570833073012986,0.162943198821524,0.120296314444217,0.0410284257255132,"JP bilinguals"
72,0.572407351766083,0.16375907522987,0.120998790549741,0.040385494495083,"JP bilinguals"
73,0.575737336765697,0.163951793617274,0.121113799995095,0.040607272301032,"JP bilinguals"
74,0.573486285025152,0.163944138595512,0.121715561490778,0.0407134649065722,"JP bilinguals"
75,0.570898565448075,0.164347933701416,0.121671441555538,0.0405096966334841,"JP bilinguals"
76,0.574321251236944,0.169707343462496,0.121853669722989,0.0405879597914717,"JP bilinguals"
77,0.568829653060662,0.170663217942269,0.121433824182068,0.0413783737475323,"JP bilinguals"
78,0.567475010103376,0.174072986275804,0.121632108914861,0.041000830246973,"JP bilinguals"
79,0.570275743057669,0.175089170198494,0.120657379137151,0.0415923108408699,"JP bilinguals"
80,0.578161992581274,0.170378749218127,0.121800051772511,0.0420694360843578,"JP bilinguals"
81,0.570289691508778,0.172259225557628,0.121399557878661,0.0421410637656334,"JP bilinguals"
82,0.571983001552925,0.172277113592797,0.121342450388061,0.041870255662857,"JP bilinguals"
83,0.572492036322294,0.170727600675493,0.121109332645533,0.0422800253929385,"JP bilinguals"
84,0.575374033429177,0.172493369720848,0.121071876476857,0.041568715874216,"JP bilinguals"
85,0.570661898986446,0.178309520147211,0.120494047291453,0.0412457642653319,"JP bilinguals"
86,0.57326477545315,0.177082038037247,0.120993755770375,0.041222442367189,"JP bilinguals"
87,0.579425360677944,0.179618952008803,0.121434330094061,0.0414645464825825,"JP bilinguals"
88,0.574562957756345,0.180654508438692,0.121157299665387,0.0414633160754873,"JP bilinguals"
89,0.568988433264151,0.179536413140457,0.121747197927966,0.0416895856457068,"JP bilinguals"
90,0.567222916519787,0.177601841838453,0.121398074566893,0.0414844181305828,"JP bilinguals"
91,0.574530946064619,0.178586638867633,0.121119945584387,0.0420424294407507,"JP bilinguals"
92,0.57106490511704,0.175217912951747,0.121440728453587,0.0425330825772855,"JP bilinguals"
93,0.576040317573944,0.173396215955877,0.121903180054733,0.0435863294602848,"JP bilinguals"
94,0.581722580538241,0.175203223868192,0.12161188056417,0.0434234255608361,"JP bilinguals"
95,0.583778486271248,0.177194463130745,0.1216495955535,0.0422324395214702,"JP bilinguals"
96,0.576877892614536,0.172325992335648,0.120834013713707,0.041792144032506,"JP bilinguals"
97,0.577284759961198,0.175747799447691,0.120317385313436,0.0419439033963934,"JP bilinguals"
98,0.575605569226447,0.177827289756968,0.12065477953553,0.0420876090677954,"JP bilinguals"
99,0.575714665391568,0.176980984528186,0.121093756521314,0.0420472721562219,"JP bilinguals"
100,0.570336183624219,0.178164812565041,0.121380103308968,0.0438143048928481,"JP bilinguals"
101,0.589254488806883,0.176366214263816,0.120941673985629,0.0420790429939068,"JP bilinguals"
1,0.005660949625959,-0.00361267142653458,0.00856123421379721,0.00790734342587851,"EN monolinguals"
2,0.0672463249147963,0.0388522078725155,0.0232894439419718,0.0134201298634969,"EN monolinguals"
3,0.138809058225804,0.0701554418697645,0.0338802804525958,0.0206685507865856,"EN monolinguals"
4,0.197898502938389,0.100748477385956,0.0457475516243978,0.0272024896491683,"EN monolinguals"
5,0.260488926543485,0.125202203710164,0.0578731603608408,0.0324441873903361,"EN monolinguals"
6,0.304487060306677,0.152755417308134,0.0675205384287111,0.0372134799139679,"EN monolinguals"
7,0.340945179761437,0.166259612862549,0.0750234084978706,0.0412857891843466,"EN monolinguals"
8,0.374584038014165,0.181914784101692,0.0820511806457011,0.0430484621767268,"EN monolinguals"
9,0.402926483376307,0.196746816479932,0.0876513265347569,0.0458932026989027,"EN monolinguals"
10,0.420380946695509,0.207341812573902,0.0926132089297341,0.0479998112508125,"EN monolinguals"
11,0.439155257989813,0.21195546839811,0.0958555450041252,0.0506817964387675,"EN monolinguals"
12,0.458738131366031,0.223833869357556,0.0995944385588812,0.0530117580103801,"EN monolinguals"
13,0.472155738883862,0.231200135378666,0.102341184120661,0.052974773804282,"EN monolinguals"
14,0.487768474848213,0.234675214447804,0.105133812809328,0.0540133869313458,"EN monolinguals"
15,0.50373717989863,0.240896071348195,0.106527691756515,0.0557360897757021,"EN monolinguals"
16,0.518043551659533,0.245205014910614,0.108551671671315,0.0555513812470047,"EN monolinguals"
17,0.524296755977275,0.248180874921491,0.110427092102666,0.0559770315977364,"EN monolinguals"
18,0.532378664378259,0.246797397449113,0.111537625417494,0.0562752026500656,"EN monolinguals"
19,0.535067953288339,0.247767225040405,0.113344158305287,0.0561652915790462,"EN monolinguals"
20,0.53753419822128,0.246928896578768,0.114206319886245,0.0569086269233639,"EN monolinguals"
21,0.539325650695028,0.248764862565655,0.115880330333405,0.0566802768600062,"EN monolinguals"
22,0.543847872093396,0.246267653050581,0.116884322176068,0.0572695641993158,"EN monolinguals"
23,0.547100126295454,0.246500357921946,0.11745908282169,0.0575000518003044,"EN monolinguals"
24,0.553424185342116,0.248980674198918,0.118821201444199,0.0570527257872291,"EN monolinguals"
25,0.557390702318857,0.2494952659246,0.118231967702078,0.0556690299054773,"EN monolinguals"
26,0.562158611950207,0.244156814414559,0.118231636382602,0.0554966821890554,"EN monolinguals"
27,0.568195315109315,0.248202067853647,0.118577458671615,0.0554493222180533,"EN monolinguals"
28,0.571389925936646,0.252048078899124,0.118424574434595,0.0557866529881156,"EN monolinguals"
29,0.570348859762701,0.246421248657341,0.11913871025009,0.0549581596725916,"EN monolinguals"
30,0.569942442055787,0.248423005880781,0.119309342180565,0.0548567849581353,"EN monolinguals"
31,0.565546674396735,0.245989749420081,0.119693622052696,0.0545541324905653,"EN monolinguals"
32,0.562177195786601,0.240636412139085,0.119367817840806,0.0541544783035528,"EN monolinguals"
33,0.561678428382672,0.233867042989906,0.119726548448976,0.0542706244709043,"EN monolinguals"
34,0.564285134168572,0.234386571735109,0.120408990220829,0.0541345641670145,"EN monolinguals"
35,0.56445564262794,0.227871950024046,0.121342841339984,0.0544848951035334,"EN monolinguals"
36,0.565425512240093,0.230467267422784,0.1216571993044,0.0537564049916307,"EN monolinguals"
37,0.565648191634473,0.226513821718746,0.120835259677757,0.0538996717487764,"EN monolinguals"
38,0.564145097629922,0.221794961237961,0.119873192577899,0.0530369907169296,"EN monolinguals"
39,0.565429848481266,0.220887865177321,0.120652687807979,0.0517800659519452,"EN monolinguals"
40,0.562569124714046,0.218644056822961,0.120843795206658,0.0519603449722335,"EN monolinguals"
41,0.565271262644285,0.216996418360858,0.120859594521279,0.0512958787373746,"EN monolinguals"
42,0.56630663311883,0.216151633042313,0.120184466027615,0.0510036142455941,"EN monolinguals"
43,0.566139500417935,0.221882748584481,0.120974591117268,0.0514408025101131,"EN monolinguals"
44,0.567286026065493,0.220795679034676,0.121244302504397,0.0519814397070145,"EN monolinguals"
45,0.569296554677479,0.222190380444846,0.120960497060966,0.051286112575407,"EN monolinguals"
46,0.568672987292948,0.218505883873924,0.120786400458192,0.0510945312218372,"EN monolinguals"
47,0.568174279755423,0.218540162523476,0.120819323972481,0.0510951243671226,"EN monolinguals"
48,0.570617136022443,0.216436901629643,0.120605767186237,0.0506065855479026,"EN monolinguals"
49,0.565814124028989,0.215026426615291,0.120226951855009,0.0493233175426157,"EN monolinguals"
50,0.56846109972913,0.215987773810483,0.120241270269564,0.0497521734145186,"EN monolinguals"
51,0.568474867852375,0.212945096348241,0.120291195035217,0.0493387706653933,"EN monolinguals"
52,0.569203821220714,0.21380618546225,0.120687053545377,0.048652394699745,"EN monolinguals"
53,0.568905313684253,0.21210567070789,0.120486679266555,0.0493543886508056,"EN monolinguals"
54,0.569094235500217,0.213166584537977,0.121059180690304,0.0486433400345689,"EN monolinguals"
55,0.56811339761935,0.20868311635748,0.121137083552338,0.0485508941481307,"EN monolinguals"
56,0.570484034926531,0.206182545267692,0.120805318424716,0.0477196581598428,"EN monolinguals"
57,0.569975725887889,0.204594280965601,0.120503451798021,0.0478420410798168,"EN monolinguals"
58,0.570884544807302,0.20324164066264,0.120780941134926,0.0480758921243305,"EN monolinguals"
59,0.56891828490403,0.198513338715594,0.120799477079794,0.0479480431971696,"EN monolinguals"
60,0.572023192605217,0.196568017081478,0.120786561667985,0.0478881001640092,"EN monolinguals"
61,0.570655401094347,0.201356284555022,0.12159540535228,0.0469321006823854,"EN monolinguals"
62,0.568452193286032,0.204643927121914,0.121890817612205,0.0467324815150826,"EN monolinguals"
63,0.568174791795463,0.204707115677871,0.121533455702681,0.0468981568533264,"EN monolinguals"
64,0.572599866359236,0.204001732950346,0.120907240789668,0.0472588917030313,"EN monolinguals"
65,0.566666275082684,0.20842167249457,0.12070229548632,0.0469041562161327,"EN monolinguals"
66,0.568185930630816,0.206756839765604,0.120395133845154,0.0467363939209271,"EN monolinguals"
67,0.57041202814749,0.199539828197702,0.120281894077201,0.0461772660497444,"EN monolinguals"
68,0.5732247582629,0.196037910584253,0.121148505551768,0.0463342143228946,"EN monolinguals"
69,0.574677607045641,0.196040204982663,0.121228884339663,0.0472143677123928,"EN monolinguals"
70,0.576641250590008,0.195514782803537,0.12095751016683,0.0472474805082343,"EN monolinguals"
71,0.574228494741085,0.197636684339359,0.12046486716832,0.0461797031944401,"EN monolinguals"
72,0.571745884073128,0.200220549626437,0.120489603051814,0.0467202187797767,"EN monolinguals"
73,0.568618739058698,0.20247860395219,0.120704719174922,0.0460227365359259,"EN monolinguals"
74,0.568536913784231,0.203881163452703,0.120838781203308,0.0454242323262682,"EN monolinguals"
75,0.573198536539283,0.20069583358702,0.120870277644489,0.0456491842430657,"EN monolinguals"
76,0.576037062493619,0.198838021990476,0.120574577019597,0.0457350818560942,"EN monolinguals"
77,0.574369201343404,0.197215274175457,0.120350073538366,0.0453690791662545,"EN monolinguals"
78,0.576737207798013,0.198385905231822,0.12047405393101,0.0450154566392789,"EN monolinguals"
79,0.57692176187119,0.197059674220856,0.12050825148689,0.044782339838351,"EN monolinguals"
80,0.574572812643937,0.195977806433327,0.120347870793867,0.044673966642942,"EN monolinguals"
81,0.571006670202608,0.193352293601323,0.120496364232807,0.0455490899603892,"EN monolinguals"
82,0.576796028464747,0.195825217045595,0.121139018525077,0.0449791044015012,"EN monolinguals"
83,0.576611632390508,0.196331651204634,0.121139620316286,0.0450055431323506,"EN monolinguals"
84,0.575864749646035,0.192680427522135,0.121881136656733,0.0448678087657955,"EN monolinguals"
85,0.573867388737671,0.191391936789621,0.121792745145097,0.0453810762557295,"EN monolinguals"
86,0.577269285674856,0.193952884494541,0.121727738908133,0.0448392254774964,"EN monolinguals"
87,0.575363665690388,0.191428422541915,0.121506004963089,0.0457468353590479,"EN monolinguals"
88,0.573769349114774,0.18985391736891,0.121530673453472,0.0461833868929479,"EN monolinguals"
89,0.575418392842052,0.19228734862718,0.120713448131512,0.0448680388299216,"EN monolinguals"
90,0.577695792205297,0.190020088600173,0.120618838598649,0.0442974421678978,"EN monolinguals"
91,0.57025604251882,0.189244247171856,0.120493660435975,0.0439833027267393,"EN monolinguals"
92,0.569179876067854,0.184931236668835,0.120721027805848,0.044418539672514,"EN monolinguals"
93,0.566340691905732,0.184420505732871,0.121150852078486,0.0453454471049049,"EN monolinguals"
94,0.564544154603131,0.186467092111379,0.12087439260894,0.0445776640101792,"EN monolinguals"
95,0.562144573843438,0.184824182071143,0.1203857097998,0.044339765533696,"EN monolinguals"
96,0.569695324347906,0.185865793652461,0.120645213408241,0.0449653519947749,"EN monolinguals"
97,0.571484114012002,0.188270017201524,0.120713510293156,0.0447144098438367,"EN monolinguals"
98,0.574503048593878,0.185434486754059,0.12107498185069,0.0438399950472098,"EN monolinguals"
99,0.573155285202683,0.184710651887728,0.120639746652916,0.0437174279608877,"EN monolinguals"
100,0.57164878673667,0.18060932447802,0.120670764541514,0.045534736658576,"EN monolinguals"
101,0.570577331535044,0.191610363061749,0.120853012407778,0.0447292099992899,"EN monolinguals"
