"class","target","p_onset","p_peak","t_onset","t_peak"
"rhyme","b^t",34,0.475958342227356,NA,0
"rhyme","part",32,0.516190866862967,NA,0
"rhyme","grup",32,0.495985281745445,NA,0
"rhyme","lid",32,0.536966875114752,34,0.0621458922247098
"rhyme","gat",34,0.41466762720228,NA,0
"rhyme","kar",32,0.475627662086058,NA,0
"rhyme","kip",32,0.467097688559271,NA,0
"rhyme","list",33,0.428303585918146,NA,0.000194793883490883
"cohort","pip^l",3,0.571428408408504,25,0.307731660455095
"cohort","skul",3,0.571428410435541,27,0.378609288971729
"cohort","start",3,0.571428410314635,25,0.180830593090163
"cohort","st^di",3,0.571428410396046,25,0.210048101152012
"cohort","badi",3,0.571428410248263,24,0.191093301448151
"cohort","gad",3,0.5714284030639,25,0.33854859248317
"cohort","strit",3,0.571428409622854,25,0.189946767138313
"cohort","pal^si",4,0.571428365272851,25,0.201450195966179
"unrel","parti",3,0.0528682279784754,NA,0
"unrel","rili",NA,0,NA,0
"unrel","art",NA,0,NA,0
"unrel","rid",NA,0,NA,0
"unrel","stap",5,0.164653935414861,NA,0
"unrel","^gri",NA,0,NA,0
"unrel","ril",NA,0,NA,0
"unrel","spik",4,0.0973894543808345,NA,0
