item,class,target,comp,ctrl
0,rhyme,b^t,k^t,ist
1,rhyme,part,dart,^pil
2,rhyme,grup,trup,star
3,rhyme,lid,rid,blu
4,rhyme,gat,lat,ist
5,rhyme,kar,bar,ist
6,rhyme,kip,dip,ist
7,rhyme,list,bist,skar
8,cohort,pip^l,pik,ist
9,cohort,skul,skar,list
10,cohort,start,strik,g^tar
11,cohort,st^di,start,g^tar
12,cohort,badi,bark,^pil
13,cohort,gad,gat,ist
14,cohort,strit,start,g^tar
15,cohort,pal^si,parS^l,^br^pt
16,unrel,parti,^dapt,start
17,unrel,rili,skar,drap
18,unrel,art,star,Sild
19,unrel,rid,skar,drap
20,unrel,stap,^lat,grik
21,unrel,^gri,sis,d^k
22,unrel,ril,skar,drap
23,unrel,spik,^lat,list
