p1,p2,similarity
-,-,1.0
S,-,0.0
S,S,1.0
S,^,0.0098
S,a,0.0098
S,i,0.0016
S,l,0.1606
S,r,0.0161
S,u,0.2082
^,-,0.0
^,^,1.0
a,-,0.0
a,^,0.6721
a,a,1.0
a,i,0.6557
a,u,0.7535
b,-,0.0
b,S,0.0151
b,^,0.0458
b,a,0.0458
b,b,1.0
b,d,0.7102
b,g,0.6023
b,i,0.0
b,k,0.4622
b,l,0.0
b,r,0.1508
b,s,0.1526
b,t,0.5682
b,u,0.1515
d,-,0.0
d,S,0.0
d,^,0.0
d,a,0.0
d,d,1.0
d,g,0.5603
d,i,0.0458
d,k,0.4202
d,l,0.0
d,r,0.0
d,s,0.1984
d,u,0.0
g,-,0.0
g,S,0.0985
g,^,0.0436
g,a,0.1941
g,g,1.0
g,i,0.0
g,l,0.1933
g,r,0.1189
g,s,0.0
g,u,0.0986
i,-,0.0
i,^,0.4918
i,i,1.0
i,u,0.651
k,-,0.0
k,S,0.2478
k,^,0.0436
k,a,0.1941
k,g,0.7735
k,i,0.0
k,k,1.0
k,l,0.1933
k,r,0.1189
k,s,0.1505
k,u,0.0986
l,-,0.0
l,^,0.3239
l,a,0.3239
l,i,0.162
l,l,1.0
l,u,0.1769
p,-,0.0
p,S,0.1665
p,^,0.0458
p,a,0.0458
p,b,0.767
p,d,0.5682
p,g,0.4622
p,i,0.0
p,k,0.6023
p,l,0.0
p,p,1.0
p,r,0.1508
p,s,0.3052
p,t,0.7102
p,u,0.1515
r,-,0.0
r,^,0.3725
r,a,0.2915
r,i,0.162
r,l,0.8
r,r,1.0
r,u,0.3215
s,-,0.0
s,S,0.6521
s,^,0.0
s,a,0.0
s,i,0.1803
s,l,0.0
s,r,0.0
s,s,1.0
s,u,0.0
t,-,0.0
t,S,0.1514
t,^,0.0
t,a,0.0
t,d,0.767
t,g,0.4202
t,i,0.0458
t,k,0.5603
t,l,0.0
t,r,0.0
t,s,0.351
t,t,1.0
t,u,0.0
u,-,0.0
u,^,0.5907
u,u,1.0
